PassengerId,Pclass,Sex,Age,SibSp,Parch,Fare,Survived
1,3,male,22,1,0,7.25,0
2,1,female,38,1,0,71.2833,1
3,3,female,26,0,0,7.925,1
4,1,female,35,1,0,53.1,1
5,3,male,35,0,0,8.05,0
6,3,male,,0,0,8.4583,0
7,1,male,54,0,0,51.8625,0
8,3,male,2,3,1,21.075,0
9,3,female,27,0,2,11.1333,1
10,2,female,14,1,0,30.0708,1
11,3,female,4,1,1,16.7,1
12,1,female,58,0,0,26.55,1
13,3,male,20,0,0,8.05,0
14,3,male,39,1,5,31.275,0
15,3,female,14,0,0,7.8542,0
16,2,female,55,0,0,16,1
17,3,male,2,4,1,29.125,0
18,2,male,,0,0,13,1
19,3,female,31,1,0,18,0
20,3,female,,0,0,7.225,1
21,2,male,35,0,0,26,0
22,2,male,34,0,0,13,1
23,3,female,15,0,0,8.0292,1
24,1,male,28,0,0,35.5,1
25,3,female,8,3,1,21.075,0
26,3,female,38,1,5,31.3875,1
27,3,male,,0,0,7.225,0
28,1,male,19,3,2,263,0
29,3,female,,0,0,7.8792,1
30,3,male,,0,0,7.8958,0
31,1,male,40,0,0,27.7208,0
32,1,female,,1,0,146.5208,1
33,3,female,,0,0,7.75,1
34,2,male,66,0,0,10.5,0
35,1,male,28,1,0,82.1708,0
36,1,male,42,1,0,52,0
37,3,male,,0,0,7.2292,1
38,3,male,21,0,0,8.05,0
39,3,female,18,2,0,18,0
40,3,female,14,1,0,11.2417,1
41,3,female,40,1,0,9.475,0
42,2,female,27,1,0,21,0
43,3,male,,0,0,7.8958,0
44,2,female,3,1,2,41.5792,1
45,3,female,19,0,0,7.8792,1
46,3,male,,0,0,8.05,0
47,3,male,,1,0,15.5,0
48,3,female,,0,0,7.75,1
49,3,male,,2,0,21.6792,0
50,3,female,18,1,0,17.8,0
51,3,male,7,4,1,39.6875,0
52,3,male,21,0,0,7.8,0
53,1,female,49,1,0,76.7292,1
54,2,female,29,1,0,26,1
55,1,male,65,0,1,61.9792,0
56,1,male,,0,0,35.5,1
57,2,female,21,0,0,10.5,1
58,3,male,28.5,0,0,7.2292,0
59,2,female,5,1,2,27.75,1
60,3,male,11,5,2,46.9,0
61,3,male,22,0,0,7.2292,0
62,1,female,38,0,0,80,1
63,1,male,45,1,0,83.475,0
64,3,male,4,3,2,27.9,0
65,1,male,,0,0,27.7208,0
66,3,male,,1,1,15.2458,1
67,2,female,29,0,0,10.5,1
68,3,male,19,0,0,8.1583,0
69,3,female,17,4,2,7.925,1
70,3,male,26,2,0,8.6625,0
71,2,male,32,0,0,10.5,0
72,3,female,16,5,2,46.9,0
73,2,male,21,0,0,73.5,0
74,3,male,26,1,0,14.4542,0
75,3,male,32,0,0,56.4958,1
76,3,male,25,0,0,7.65,0
77,3,male,,0,0,7.8958,0
78,3,male,,0,0,8.05,0
79,2,male,0.83,0,2,29,1
80,3,female,30,0,0,12.475,1
81,3,male,22,0,0,9,0
82,3,male,29,0,0,9.5,1
83,3,female,,0,0,7.7875,1
84,1,male,28,0,0,47.1,0
85,2,female,17,0,0,10.5,1
86,3,female,33,3,0,15.85,1
87,3,male,16,1,3,34.375,0
88,3,male,,0,0,8.05,0
89,1,female,23,3,2,263,1
90,3,male,24,0,0,8.05,0
91,3,male,29,0,0,8.05,0
92,3,male,20,0,0,7.8542,0
93,1,male,46,1,0,61.175,0
94,3,male,26,1,2,20.575,0
95,3,male,59,0,0,7.25,0
96,3,male,,0,0,8.05,0
97,1,male,71,0,0,34.6542,0
98,1,male,23,0,1,63.3583,1
99,2,female,34,0,1,23,1
100,2,male,34,1,0,26,0
101,3,female,28,0,0,7.8958,0
102,3,male,,0,0,7.8958,0
103,1,male,21,0,1,77.2875,0
104,3,male,33,0,0,8.6542,0
105,3,male,37,2,0,7.925,0
106,3,male,28,0,0,7.8958,0
107,3,female,21,0,0,7.65,1
108,3,male,,0,0,7.775,1
109,3,male,38,0,0,7.8958,0
110,3,female,,1,0,24.15,1
111,1,male,47,0,0,52,0
112,3,female,14.5,1,0,14.4542,0
113,3,male,22,0,0,8.05,0
114,3,female,20,1,0,9.825,0
115,3,female,17,0,0,14.4583,0
116,3,male,21,0,0,7.925,0
117,3,male,70.5,0,0,7.75,0
118,2,male,29,1,0,21,0
119,1,male,24,0,1,247.5208,0
120,3,female,2,4,2,31.275,0
121,2,male,21,2,0,73.5,0
122,3,male,,0,0,8.05,0
123,2,male,32.5,1,0,30.0708,0
124,2,female,32.5,0,0,13,1
125,1,male,54,0,1,77.2875,0
126,3,male,12,1,0,11.2417,1
127,3,male,,0,0,7.75,0
128,3,male,24,0,0,7.1417,1
129,3,female,,1,1,22.3583,1
130,3,male,45,0,0,6.975,0
131,3,male,33,0,0,7.8958,0
132,3,male,20,0,0,7.05,0
133,3,female,47,1,0,14.5,0
134,2,female,29,1,0,26,1
135,2,male,25,0,0,13,0
136,2,male,23,0,0,15.0458,0
137,1,female,19,0,2,26.2833,1
138,1,male,37,1,0,53.1,0
139,3,male,16,0,0,9.2167,0
140,1,male,24,0,0,79.2,0
141,3,female,,0,2,15.2458,0
142,3,female,22,0,0,7.75,1
143,3,female,24,1,0,15.85,1
144,3,male,19,0,0,6.75,0
145,2,male,18,0,0,11.5,0
146,2,male,19,1,1,36.75,0
147,3,male,27,0,0,7.7958,1
148,3,female,9,2,2,34.375,0
149,2,male,36.5,0,2,26,0
150,2,male,42,0,0,13,0
151,2,male,51,0,0,12.525,0
152,1,female,22,1,0,66.6,1
153,3,male,55.5,0,0,8.05,0
154,3,male,40.5,0,2,14.5,0
155,3,male,,0,0,7.3125,0
156,1,male,51,0,1,61.3792,0
157,3,female,16,0,0,7.7333,1
158,3,male,30,0,0,8.05,0
159,3,male,,0,0,8.6625,0
160,3,male,,8,2,69.55,0
161,3,male,44,0,1,16.1,0
162,2,female,40,0,0,15.75,1
163,3,male,26,0,0,7.775,0
164,3,male,17,0,0,8.6625,0
165,3,male,1,4,1,39.6875,0
166,3,male,9,0,2,20.525,1
167,1,female,,0,1,55,1
168,3,female,45,1,4,27.9,0
169,1,male,,0,0,25.925,0
170,3,male,28,0,0,56.4958,0
171,1,male,61,0,0,33.5,0
172,3,male,4,4,1,29.125,0
173,3,female,1,1,1,11.1333,1
174,3,male,21,0,0,7.925,0
175,1,male,56,0,0,30.6958,0
176,3,male,18,1,1,7.8542,0
177,3,male,,3,1,25.4667,0
178,1,female,50,0,0,28.7125,0
179,2,male,30,0,0,13,0
180,3,male,36,0,0,0,0
181,3,female,,8,2,69.55,0
182,2,male,,0,0,15.05,0
183,3,male,9,4,2,31.3875,0
184,2,male,1,2,1,39,1
185,3,female,4,0,2,22.025,1
186,1,male,,0,0,50,0
187,3,female,,1,0,15.5,1
188,1,male,45,0,0,26.55,1
189,3,male,40,1,1,15.5,0
190,3,male,36,0,0,7.8958,0
191,2,female,32,0,0,13,1
192,2,male,19,0,0,13,0
193,3,female,19,1,0,7.8542,1
194,2,male,3,1,1,26,1
195,1,female,44,0,0,27.7208,1
196,1,female,58,0,0,146.5208,1
197,3,male,,0,0,7.75,0
198,3,male,42,0,1,8.4042,0
199,3,female,,0,0,7.75,1
200,2,female,24,0,0,13,0
201,3,male,28,0,0,9.5,0
202,3,male,,8,2,69.55,0
203,3,male,34,0,0,6.4958,0
204,3,male,45.5,0,0,7.225,0
205,3,male,18,0,0,8.05,1
206,3,female,2,0,1,10.4625,0
207,3,male,32,1,0,15.85,0
208,3,male,26,0,0,18.7875,1
209,3,female,16,0,0,7.75,1
210,1,male,40,0,0,31,1
211,3,male,24,0,0,7.05,0
212,2,female,35,0,0,21,1
213,3,male,22,0,0,7.25,0
214,2,male,30,0,0,13,0
215,3,male,,1,0,7.75,0
216,1,female,31,1,0,113.275,1
217,3,female,27,0,0,7.925,1
218,2,male,42,1,0,27,0
219,1,female,32,0,0,76.2917,1
220,2,male,30,0,0,10.5,0
221,3,male,16,0,0,8.05,1
222,2,male,27,0,0,13,0
223,3,male,51,0,0,8.05,0
224,3,male,,0,0,7.8958,0
225,1,male,38,1,0,90,1
226,3,male,22,0,0,9.35,0
227,2,male,19,0,0,10.5,1
228,3,male,20.5,0,0,7.25,0
229,2,male,18,0,0,13,0
230,3,female,,3,1,25.4667,0
231,1,female,35,1,0,83.475,1
232,3,male,29,0,0,7.775,0
233,2,male,59,0,0,13.5,0
234,3,female,5,4,2,31.3875,1
235,2,male,24,0,0,10.5,0
236,3,female,,0,0,7.55,0
237,2,male,44,1,0,26,0
238,2,female,8,0,2,26.25,1
239,2,male,19,0,0,10.5,0
240,2,male,33,0,0,12.275,0
241,3,female,,1,0,14.4542,0
242,3,female,,1,0,15.5,1
243,2,male,29,0,0,10.5,0
244,3,male,22,0,0,7.125,0
245,3,male,30,0,0,7.225,0
246,1,male,44,2,0,90,0
247,3,female,25,0,0,7.775,0
248,2,female,24,0,2,14.5,1
249,1,male,37,1,1,52.5542,1
250,2,male,54,1,0,26,0
251,3,male,,0,0,7.25,0
252,3,female,29,1,1,10.4625,0
253,1,male,62,0,0,26.55,0
254,3,male,30,1,0,16.1,0
255,3,female,41,0,2,20.2125,0
256,3,female,29,0,2,15.2458,1
257,1,female,,0,0,79.2,1
258,1,female,30,0,0,86.5,1
259,1,female,35,0,0,512.3292,1
260,2,female,50,0,1,26,1
261,3,male,,0,0,7.75,0
262,3,male,3,4,2,31.3875,1
263,1,male,52,1,1,79.65,0
264,1,male,40,0,0,0,0
265,3,female,,0,0,7.75,0
266,2,male,36,0,0,10.5,0
267,3,male,16,4,1,39.6875,0
268,3,male,25,1,0,7.775,1
269,1,female,58,0,1,153.4625,1
270,1,female,35,0,0,135.6333,1
271,1,male,,0,0,31,0
272,3,male,25,0,0,0,1
273,2,female,41,0,1,19.5,1
274,1,male,37,0,1,29.7,0
275,3,female,,0,0,7.75,1
276,1,female,63,1,0,77.9583,1
277,3,female,45,0,0,7.75,0
278,2,male,,0,0,0,0
279,3,male,7,4,1,29.125,0
280,3,female,35,1,1,20.25,1
281,3,male,65,0,0,7.75,0
282,3,male,28,0,0,7.8542,0
283,3,male,16,0,0,9.5,0
284,3,male,19,0,0,8.05,1
285,1,male,,0,0,26,0
286,3,male,33,0,0,8.6625,0
287,3,male,30,0,0,9.5,1
288,3,male,22,0,0,7.8958,0
289,2,male,42,0,0,13,1
290,3,female,22,0,0,7.75,1
291,1,female,26,0,0,78.85,1
292,1,female,19,1,0,91.0792,1
293,2,male,36,0,0,12.875,0
294,3,female,24,0,0,8.85,0
295,3,male,24,0,0,7.8958,0
296,1,male,,0,0,27.7208,0
297,3,male,23.5,0,0,7.2292,0
298,1,female,2,1,2,151.55,0
299,1,male,,0,0,30.5,1
300,1,female,50,0,1,247.5208,1
301,3,female,,0,0,7.75,1
302,3,male,,2,0,23.25,1
303,3,male,19,0,0,0,0
304,2,female,,0,0,12.35,1
305,3,male,,0,0,8.05,0
306,1,male,0.92,1,2,151.55,1
307,1,female,,0,0,110.8833,1
308,1,female,17,1,0,108.9,1
309,2,male,30,1,0,24,0
310,1,female,30,0,0,56.9292,1
311,1,female,24,0,0,83.1583,1
312,1,female,18,2,2,262.375,1
313,2,female,26,1,1,26,0
314,3,male,28,0,0,7.8958,0
315,2,male,43,1,1,26.25,0
316,3,female,26,0,0,7.8542,1
317,2,female,24,1,0,26,1
318,2,male,54,0,0,14,0
319,1,female,31,0,2,164.8667,1
320,1,female,40,1,1,134.5,1
321,3,male,22,0,0,7.25,0
322,3,male,27,0,0,7.8958,0
323,2,female,30,0,0,12.35,1
324,2,female,22,1,1,29,1
325,3,male,,8,2,69.55,0
326,1,female,36,0,0,135.6333,1
327,3,male,61,0,0,6.2375,0
328,2,female,36,0,0,13,1
329,3,female,31,1,1,20.525,1
330,1,female,16,0,1,57.9792,1
331,3,female,,2,0,23.25,1
332,1,male,45.5,0,0,28.5,0
333,1,male,38,0,1,153.4625,0
334,3,male,16,2,0,18,0
335,1,female,,1,0,133.65,1
336,3,male,,0,0,7.8958,0
337,1,male,29,1,0,66.6,0
338,1,female,41,0,0,134.5,1
339,3,male,45,0,0,8.05,1
340,1,male,45,0,0,35.5,0
341,2,male,2,1,1,26,1
342,1,female,24,3,2,263,1
343,2,male,28,0,0,13,0
344,2,male,25,0,0,13,0
345,2,male,36,0,0,13,0
346,2,female,24,0,0,13,1
347,2,female,40,0,0,13,1
348,3,female,,1,0,16.1,1
349,3,male,3,1,1,15.9,1
350,3,male,42,0,0,8.6625,0
351,3,male,23,0,0,9.225,0
352,1,male,,0,0,35,0
353,3,male,15,1,1,7.2292,0
354,3,male,25,1,0,17.8,0
355,3,male,,0,0,7.225,0
356,3,male,28,0,0,9.5,0
357,1,female,22,0,1,55,1
358,2,female,38,0,0,13,0
359,3,female,,0,0,7.8792,1
360,3,female,,0,0,7.8792,1
361,3,male,40,1,4,27.9,0
362,2,male,29,1,0,27.7208,0
363,3,female,45,0,1,14.4542,0
364,3,male,35,0,0,7.05,0
365,3,male,,1,0,15.5,0
366,3,male,30,0,0,7.25,0
367,1,female,60,1,0,75.25,1
368,3,female,,0,0,7.2292,1
369,3,female,,0,0,7.75,1
370,1,female,24,0,0,69.3,1
371,1,male,25,1,0,55.4417,1
372,3,male,18,1,0,6.4958,0
373,3,male,19,0,0,8.05,0
374,1,male,22,0,0,135.6333,0
375,3,female,3,3,1,21.075,0
376,1,female,,1,0,82.1708,1
377,3,female,22,0,0,7.25,1
378,1,male,27,0,2,211.5,0
379,3,male,20,0,0,4.0125,0
380,3,male,19,0,0,7.775,0
381,1,female,42,0,0,227.525,1
382,3,female,1,0,2,15.7417,1
383,3,male,32,0,0,7.925,0
384,1,female,35,1,0,52,1
385,3,male,,0,0,7.8958,0
386,2,male,18,0,0,73.5,0
387,3,male,1,5,2,46.9,0
388,2,female,36,0,0,13,1
389,3,male,,0,0,7.7292,0
390,2,female,17,0,0,12,1
391,1,male,36,1,2,120,1
392,3,male,21,0,0,7.7958,1
393,3,male,28,2,0,7.925,0
394,1,female,23,1,0,113.275,1
395,3,female,24,0,2,16.7,1
396,3,male,22,0,0,7.7958,0
397,3,female,31,0,0,7.8542,0
398,2,male,46,0,0,26,0
399,2,male,23,0,0,10.5,0
400,2,female,28,0,0,12.65,1
401,3,male,39,0,0,7.925,1
402,3,male,26,0,0,8.05,0
403,3,female,21,1,0,9.825,0
404,3,male,28,1,0,15.85,0
405,3,female,20,0,0,8.6625,0
406,2,male,34,1,0,21,0
407,3,male,51,0,0,7.75,0
408,2,male,3,1,1,18.75,1
409,3,male,21,0,0,7.775,0
410,3,female,,3,1,25.4667,0
411,3,male,,0,0,7.8958,0
412,3,male,,0,0,6.8583,0
413,1,female,33,1,0,90,1
414,2,male,,0,0,0,0
415,3,male,44,0,0,7.925,1
416,3,female,,0,0,8.05,0
417,2,female,34,1,1,32.5,1
418,2,female,18,0,2,13,1
419,2,male,30,0,0,13,0
420,3,female,10,0,2,24.15,0
421,3,male,,0,0,7.8958,0
422,3,male,21,0,0,7.7333,0
423,3,male,29,0,0,7.875,0
424,3,female,28,1,1,14.4,0
425,3,male,18,1,1,20.2125,0
426,3,male,,0,0,7.25,0
427,2,female,28,1,0,26,1
428,2,female,19,0,0,26,1
429,3,male,,0,0,7.75,0
430,3,male,32,0,0,8.05,1
431,1,male,28,0,0,26.55,1
432,3,female,,1,0,16.1,1
433,2,female,42,1,0,26,1
434,3,male,17,0,0,7.125,0
435,1,male,50,1,0,55.9,0
436,1,female,14,1,2,120,1
437,3,female,21,2,2,34.375,0
438,2,female,24,2,3,18.75,1
439,1,male,64,1,4,263,0
440,2,male,31,0,0,10.5,0
441,2,female,45,1,1,26.25,1
442,3,male,20,0,0,9.5,0
443,3,male,25,1,0,7.775,0
444,2,female,28,0,0,13,1
445,3,male,,0,0,8.1125,1
446,1,male,4,0,2,81.8583,1
447,2,female,13,0,1,19.5,1
448,1,male,34,0,0,26.55,1
449,3,female,5,2,1,19.2583,1
450,1,male,52,0,0,30.5,1
451,2,male,36,1,2,27.75,0
452,3,male,,1,0,19.9667,0
453,1,male,30,0,0,27.75,0
454,1,male,49,1,0,89.1042,1
455,3,male,,0,0,8.05,0
456,3,male,29,0,0,7.8958,1
457,1,male,65,0,0,26.55,0
458,1,female,,1,0,51.8625,1
459,2,female,50,0,0,10.5,1
460,3,male,,0,0,7.75,0
461,1,male,48,0,0,26.55,1
462,3,male,34,0,0,8.05,0
463,1,male,47,0,0,38.5,0
464,2,male,48,0,0,13,0
465,3,male,,0,0,8.05,0
466,3,male,38,0,0,7.05,0
467,2,male,,0,0,0,0
468,1,male,56,0,0,26.55,0
469,3,male,,0,0,7.725,0
470,3,female,0.75,2,1,19.2583,1
471,3,male,,0,0,7.25,0
472,3,male,38,0,0,8.6625,0
473,2,female,33,1,2,27.75,1
474,2,female,23,0,0,13.7917,1
475,3,female,22,0,0,9.8375,0
476,1,male,,0,0,52,0
477,2,male,34,1,0,21,0
478,3,male,29,1,0,7.0458,0
479,3,male,22,0,0,7.5208,0
480,3,female,2,0,1,12.2875,1
481,3,male,9,5,2,46.9,0
482,2,male,,0,0,0,0
483,3,male,50,0,0,8.05,0
484,3,female,63,0,0,9.5875,1
485,1,male,25,1,0,91.0792,1
486,3,female,,3,1,25.4667,0
487,1,female,35,1,0,90,1
488,1,male,58,0,0,29.7,0
489,3,male,30,0,0,8.05,0
490,3,male,9,1,1,15.9,1
491,3,male,,1,0,19.9667,0
492,3,male,21,0,0,7.25,0
493,1,male,55,0,0,30.5,0
494,1,male,71,0,0,49.5042,0
495,3,male,21,0,0,8.05,0
496,3,male,,0,0,14.4583,0
497,1,female,54,1,0,78.2667,1
498,3,male,,0,0,15.1,0
499,1,female,25,1,2,151.55,0
500,3,male,24,0,0,7.7958,0
501,3,male,17,0,0,8.6625,0
502,3,female,21,0,0,7.75,0
503,3,female,,0,0,7.6292,0
504,3,female,37,0,0,9.5875,0
505,1,female,16,0,0,86.5,1
506,1,male,18,1,0,108.9,0
507,2,female,33,0,2,26,1
508,1,male,,0,0,26.55,1
509,3,male,28,0,0,22.525,0
510,3,male,26,0,0,56.4958,1
511,3,male,29,0,0,7.75,1
512,3,male,,0,0,8.05,0
513,1,male,36,0,0,26.2875,1
514,1,female,54,1,0,59.4,1
515,3,male,24,0,0,7.4958,0
516,1,male,47,0,0,34.0208,0
517,2,female,34,0,0,10.5,1
518,3,male,,0,0,24.15,0
519,2,female,36,1,0,26,1
520,3,male,32,0,0,7.8958,0
521,1,female,30,0,0,93.5,1
522,3,male,22,0,0,7.8958,0
523,3,male,,0,0,7.225,0
524,1,female,44,0,1,57.9792,1
525,3,male,,0,0,7.2292,0
526,3,male,40.5,0,0,7.75,0
527,2,female,50,0,0,10.5,1
528,1,male,,0,0,221.7792,0
529,3,male,39,0,0,7.925,0
530,2,male,23,2,1,11.5,0
531,2,female,2,1,1,26,1
532,3,male,,0,0,7.2292,0
533,3,male,17,1,1,7.2292,0
534,3,female,,0,2,22.3583,1
535,3,female,30,0,0,8.6625,0
536,2,female,7,0,2,26.25,1
537,1,male,45,0,0,26.55,0
538,1,female,30,0,0,106.425,1
539,3,male,,0,0,14.5,0
540,1,female,22,0,2,49.5,1
541,1,female,36,0,2,71,1
542,3,female,9,4,2,31.275,0
543,3,female,11,4,2,31.275,0
544,2,male,32,1,0,26,1
545,1,male,50,1,0,106.425,0
546,1,male,64,0,0,26,0
547,2,female,19,1,0,26,1
548,2,male,,0,0,13.8625,1
549,3,male,33,1,1,20.525,0
550,2,male,8,1,1,36.75,1
551,1,male,17,0,2,110.8833,1
552,2,male,27,0,0,26,0
553,3,male,,0,0,7.8292,0
554,3,male,22,0,0,7.225,1
555,3,female,22,0,0,7.775,1
556,1,male,62,0,0,26.55,0
557,1,female,48,1,0,39.6,1
558,1,male,,0,0,227.525,0
559,1,female,39,1,1,79.65,1
560,3,female,36,1,0,17.4,1
561,3,male,,0,0,7.75,0
562,3,male,40,0,0,7.8958,0
563,2,male,28,0,0,13.5,0
564,3,male,,0,0,8.05,0
565,3,female,,0,0,8.05,0
566,3,male,24,2,0,24.15,0
567,3,male,19,0,0,7.8958,0
568,3,female,29,0,4,21.075,0
569,3,male,,0,0,7.2292,0
570,3,male,32,0,0,7.8542,1
571,2,male,62,0,0,10.5,1
572,1,female,53,2,0,51.4792,1
573,1,male,36,0,0,26.3875,1
574,3,female,,0,0,7.75,1
575,3,male,16,0,0,8.05,0
576,3,male,19,0,0,14.5,0
577,2,female,34,0,0,13,1
578,1,female,39,1,0,55.9,1
579,3,female,,1,0,14.4583,0
580,3,male,32,0,0,7.925,1
581,2,female,25,1,1,30,1
582,1,female,39,1,1,110.8833,1
583,2,male,54,0,0,26,0
584,1,male,36,0,0,40.125,0
585,3,male,,0,0,8.7125,0
586,1,female,18,0,2,79.65,1
587,2,male,47,0,0,15,0
588,1,male,60,1,1,79.2,1
589,3,male,22,0,0,8.05,0
590,3,male,,0,0,8.05,0
591,3,male,35,0,0,7.125,0
592,1,female,52,1,0,78.2667,1
593,3,male,47,0,0,7.25,0
594,3,female,,0,2,7.75,0
595,2,male,37,1,0,26,0
596,3,male,36,1,1,24.15,0
597,2,female,,0,0,33,1
598,3,male,49,0,0,0,0
599,3,male,,0,0,7.225,0
600,1,male,49,1,0,56.9292,1
601,2,female,24,2,1,27,1
602,3,male,,0,0,7.8958,0
603,1,male,,0,0,42.4,0
604,3,male,44,0,0,8.05,0
605,1,male,35,0,0,26.55,1
606,3,male,36,1,0,15.55,0
607,3,male,30,0,0,7.8958,0
608,1,male,27,0,0,30.5,1
609,2,female,22,1,2,41.5792,1
610,1,female,40,0,0,153.4625,1
611,3,female,39,1,5,31.275,0
612,3,male,,0,0,7.05,0
613,3,female,,1,0,15.5,1
614,3,male,,0,0,7.75,0
615,3,male,35,0,0,8.05,0
616,2,female,24,1,2,65,1
617,3,male,34,1,1,14.4,0
618,3,female,26,1,0,16.1,0
619,2,female,4,2,1,39,1
620,2,male,26,0,0,10.5,0
621,3,male,27,1,0,14.4542,0
622,1,male,42,1,0,52.5542,1
623,3,male,20,1,1,15.7417,1
624,3,male,21,0,0,7.8542,0
625,3,male,21,0,0,16.1,0
626,1,male,61,0,0,32.3208,0
627,2,male,57,0,0,12.35,0
628,1,female,21,0,0,77.9583,1
629,3,male,26,0,0,7.8958,0
630,3,male,,0,0,7.7333,0
631,1,male,80,0,0,30,1
632,3,male,51,0,0,7.0542,0
633,1,male,32,0,0,30.5,1
634,1,male,,0,0,0,0
635,3,female,9,3,2,27.9,0
636,2,female,28,0,0,13,1
637,3,male,32,0,0,7.925,0
638,2,male,31,1,1,26.25,0
639,3,female,41,0,5,39.6875,0
640,3,male,,1,0,16.1,0
641,3,male,20,0,0,7.8542,0
642,1,female,24,0,0,69.3,1
643,3,female,2,3,2,27.9,0
644,3,male,,0,0,56.4958,1
645,3,female,0.75,2,1,19.2583,1
646,1,male,48,1,0,76.7292,1
647,3,male,19,0,0,7.8958,0
648,1,male,56,0,0,35.5,1
649,3,male,,0,0,7.55,0
650,3,female,23,0,0,7.55,1
651,3,male,,0,0,7.8958,0
652,2,female,18,0,1,23,1
653,3,male,21,0,0,8.4333,0
654,3,female,,0,0,7.8292,1
655,3,female,18,0,0,6.75,0
656,2,male,24,2,0,73.5,0
657,3,male,,0,0,7.8958,0
658,3,female,32,1,1,15.5,0
659,2,male,23,0,0,13,0
660,1,male,58,0,2,113.275,0
661,1,male,50,2,0,133.65,1
662,3,male,40,0,0,7.225,0
663,1,male,47,0,0,25.5875,0
664,3,male,36,0,0,7.4958,0
665,3,male,20,1,0,7.925,1
666,2,male,32,2,0,73.5,0
667,2,male,25,0,0,13,0
668,3,male,,0,0,7.775,0
669,3,male,43,0,0,8.05,0
670,1,female,,1,0,52,1
671,2,female,40,1,1,39,1
672,1,male,31,1,0,52,0
673,2,male,70,0,0,10.5,0
674,2,male,31,0,0,13,1
675,2,male,,0,0,0,0
676,3,male,18,0,0,7.775,0
677,3,male,24.5,0,0,8.05,0
678,3,female,18,0,0,9.8417,1
679,3,female,43,1,6,46.9,0
680,1,male,36,0,1,512.3292,1
681,3,female,,0,0,8.1375,0
682,1,male,27,0,0,76.7292,1
683,3,male,20,0,0,9.225,0
684,3,male,14,5,2,46.9,0
685,2,male,60,1,1,39,0
686,2,male,25,1,2,41.5792,0
687,3,male,14,4,1,39.6875,0
688,3,male,19,0,0,10.1708,0
689,3,male,18,0,0,7.7958,0
690,1,female,15,0,1,211.3375,1
691,1,male,31,1,0,57,1
692,3,female,4,0,1,13.4167,1
693,3,male,,0,0,56.4958,1
694,3,male,25,0,0,7.225,0
695,1,male,60,0,0,26.55,0
696,2,male,52,0,0,13.5,0
697,3,male,44,0,0,8.05,0
698,3,female,,0,0,7.7333,1
699,1,male,49,1,1,110.8833,0
700,3,male,42,0,0,7.65,0
701,1,female,18,1,0,227.525,1
702,1,male,35,0,0,26.2875,1
703,3,female,18,0,1,14.4542,0
704,3,male,25,0,0,7.7417,0
705,3,male,26,1,0,7.8542,0
706,2,male,39,0,0,26,0
707,2,female,45,0,0,13.5,1
708,1,male,42,0,0,26.2875,1
709,1,female,22,0,0,151.55,1
710,3,male,,1,1,15.2458,1
711,1,female,24,0,0,49.5042,1
712,1,male,,0,0,26.55,0
713,1,male,48,1,0,52,1
714,3,male,29,0,0,9.4833,0
715,2,male,52,0,0,13,0
716,3,male,19,0,0,7.65,0
717,1,female,38,0,0,227.525,1
718,2,female,27,0,0,10.5,1
719,3,male,,0,0,15.5,0
720,3,male,33,0,0,7.775,0
721,2,female,6,0,1,33,1
722,3,male,17,1,0,7.0542,0
723,2,male,34,0,0,13,0
724,2,male,50,0,0,13,0
725,1,male,27,1,0,53.1,1
726,3,male,20,0,0,8.6625,0
727,2,female,30,3,0,21,1
728,3,female,,0,0,7.7375,1
729,2,male,25,1,0,26,0
730,3,female,25,1,0,7.925,0
731,1,female,29,0,0,211.3375,1
732,3,male,11,0,0,18.7875,0
733,2,male,,0,0,0,0
734,2,male,23,0,0,13,0
735,2,male,23,0,0,13,0
736,3,male,28.5,0,0,16.1,0
737,3,female,48,1,3,34.375,0
738,1,male,35,0,0,512.3292,1
739,3,male,,0,0,7.8958,0
740,3,male,,0,0,7.8958,0
741,1,male,,0,0,30,1
742,1,male,36,1,0,78.85,0
743,1,female,21,2,2,262.375,1
744,3,male,24,1,0,16.1,0
745,3,male,31,0,0,7.925,1
746,1,male,70,1,1,71,0
747,3,male,16,1,1,20.25,0
748,2,female,30,0,0,13,1
749,1,male,19,1,0,53.1,0
750,3,male,31,0,0,7.75,0
751,2,female,4,1,1,23,1
752,3,male,6,0,1,12.475,1
753,3,male,33,0,0,9.5,0
754,3,male,23,0,0,7.8958,0
755,2,female,48,1,2,65,1
756,2,male,0.67,1,1,14.5,1
757,3,male,28,0,0,7.7958,0
758,2,male,18,0,0,11.5,0
759,3,male,34,0,0,8.05,0
760,1,female,33,0,0,86.5,1
761,3,male,,0,0,14.5,0
762,3,male,41,0,0,7.125,0
763,3,male,20,0,0,7.2292,1
764,1,female,36,1,2,120,1
765,3,male,16,0,0,7.775,0
766,1,female,51,1,0,77.9583,1
767,1,male,,0,0,39.6,0
768,3,female,30.5,0,0,7.75,0
769,3,male,,1,0,24.15,0
770,3,male,32,0,0,8.3625,0
771,3,male,24,0,0,9.5,0
772,3,male,48,0,0,7.8542,0
773,2,female,57,0,0,10.5,0
774,3,male,,0,0,7.225,0
775,2,female,54,1,3,23,1
776,3,male,18,0,0,7.75,0
777,3,male,,0,0,7.75,0
778,3,female,5,0,0,12.475,1
779,3,male,,0,0,7.7375,0
780,1,female,43,0,1,211.3375,1
781,3,female,13,0,0,7.2292,1
782,1,female,17,1,0,57,1
783,1,male,29,0,0,30,0
784,3,male,,1,2,23.45,0
785,3,male,25,0,0,7.05,0
786,3,male,25,0,0,7.25,0
787,3,female,18,0,0,7.4958,1
788,3,male,8,4,1,29.125,0
789,3,male,1,1,2,20.575,1
790,1,male,46,0,0,79.2,0
791,3,male,,0,0,7.75,0
792,2,male,16,0,0,26,0
793,3,female,,8,2,69.55,0
794,1,male,,0,0,30.6958,0
795,3,male,25,0,0,7.8958,0
796,2,male,39,0,0,13,0
797,1,female,49,0,0,25.9292,1
798,3,female,31,0,0,8.6833,1
799,3,male,30,0,0,7.2292,0
800,3,female,30,1,1,24.15,0
801,2,male,34,0,0,13,0
802,2,female,31,1,1,26.25,1
803,1,male,11,1,2,120,1
804,3,male,0.42,0,1,8.5167,1
805,3,male,27,0,0,6.975,1
806,3,male,31,0,0,7.775,0
807,1,male,39,0,0,0,0
808,3,female,18,0,0,7.775,0
809,2,male,39,0,0,13,0
810,1,female,33,1,0,53.1,1
811,3,male,26,0,0,7.8875,0
812,3,male,39,0,0,24.15,0
813,2,male,35,0,0,10.5,0
814,3,female,6,4,2,31.275,0
815,3,male,30.5,0,0,8.05,0
816,1,male,,0,0,0,0
817,3,female,23,0,0,7.925,0
818,2,male,31,1,1,37.0042,0
819,3,male,43,0,0,6.45,0
820,3,male,10,3,2,27.9,0
821,1,female,52,1,1,93.5,1
822,3,male,27,0,0,8.6625,1
823,1,male,38,0,0,0,0
824,3,female,27,0,1,12.475,1
825,3,male,2,4,1,39.6875,0
826,3,male,,0,0,6.95,0
827,3,male,,0,0,56.4958,0
828,2,male,1,0,2,37.0042,1
829,3,male,,0,0,7.75,1
830,1,female,62,0,0,80,1
831,3,female,15,1,0,14.4542,1
832,2,male,0.83,1,1,18.75,1
833,3,male,,0,0,7.2292,0
834,3,male,23,0,0,7.8542,0
835,3,male,18,0,0,8.3,0
836,1,female,39,1,1,83.1583,1
837,3,male,21,0,0,8.6625,0
838,3,male,,0,0,8.05,0
839,3,male,32,0,0,56.4958,1
840,1,male,,0,0,29.7,1
841,3,male,20,0,0,7.925,0
842,2,male,16,0,0,10.5,0
843,1,female,30,0,0,31,1
844,3,male,34.5,0,0,6.4375,0
845,3,male,17,0,0,8.6625,0
846,3,male,42,0,0,7.55,0
847,3,male,,8,2,69.55,0
848,3,male,35,0,0,7.8958,0
849,2,male,28,0,1,33,0
850,1,female,,1,0,89.1042,1
851,3,male,4,4,2,31.275,0
852,3,male,74,0,0,7.775,0
853,3,female,9,1,1,15.2458,0
854,1,female,16,0,1,39.4,1
855,2,female,44,1,0,26,0
856,3,female,18,0,1,9.35,1
857,1,female,45,1,1,164.8667,1
858,1,male,51,0,0,26.55,1
859,3,female,24,0,3,19.2583,1
860,3,male,,0,0,7.2292,0
861,3,male,41,2,0,14.1083,0
862,2,male,21,1,0,11.5,0
863,1,female,48,0,0,25.9292,1
864,3,female,,8,2,69.55,0
865,2,male,24,0,0,13,0
866,2,female,42,0,0,13,1
867,2,female,27,1,0,13.8583,1
868,1,male,31,0,0,50.4958,0
869,3,male,,0,0,9.5,0
870,3,male,4,1,1,11.1333,1
871,3,male,26,0,0,7.8958,0
872,1,female,47,1,1,52.5542,1
873,1,male,33,0,0,5,0
874,3,male,47,0,0,9,0
875,2,female,28,1,0,24,1
876,3,female,15,0,0,7.225,1
877,3,male,20,0,0,9.8458,0
878,3,male,19,0,0,7.8958,0
879,3,male,,0,0,7.8958,0
880,1,female,56,0,1,83.1583,1
881,2,female,25,0,1,26,1
882,3,male,33,0,0,7.8958,0
883,3,female,22,0,0,10.5167,0
884,2,male,28,0,0,10.5,0
885,3,male,25,0,0,7.05,0
886,3,female,39,0,5,29.125,0
887,2,male,27,0,0,13,0
888,1,female,19,0,0,30,1
889,3,female,,1,2,23.45,0
890,1,male,26,0,0,30,1
891,3,male,32,0,0,7.75,0
